ID,MÓDULO,CENÁRIO,TIPO DE TESTE,AMBIENTE,PRÉ-CONDIÇÃO,AÇÃO,RESULTADO ESPERADO,RESULTADO REAL,STATUS,EVIDÊNCIA,OBSERVAÇÃO
AUTENTICACAO-01,autenticacao,Login válido OWNER,TESTE E2E LOCAL,LOCAL,Build fixture + Chrome + banco descartável conforme cenário,Executar roteiro em cenarios/autenticacao.md,"Login válido OWNER conforme contrato, sem afetar dados reais","AUTH: login válido, logout, rota protegida passou nos três projetos; APIs/gateway mock",PASSOU,/home/guest/Projetos/Kalend/homologacao/evidencias/QA-E2E-2026-10-09T20-21-50-688Z/web-playwright.json,Não certifica DEV ou integração externa. Cenário combinado tem evidência local indicada.
AUTENTICACAO-02,autenticacao,Login inválido,TESTE E2E LOCAL,LOCAL,Build fixture + Chrome + banco descartável conforme cenário,Executar roteiro em cenarios/autenticacao.md,"Login inválido conforme contrato, sem afetar dados reais",AUTH: login inválido passou nos três projetos; APIs/gateway mock,PASSOU,/home/guest/Projetos/Kalend/homologacao/evidencias/QA-E2E-2026-10-09T20-21-50-688Z/web-playwright.json,Não certifica DEV ou integração externa. Cenário combinado tem evidência local indicada.
AUTENTICACAO-03,autenticacao,Logout revoga sessão,TESTE E2E LOCAL,LOCAL,Build fixture + Chrome + banco descartável conforme cenário,Executar roteiro em cenarios/autenticacao.md,"Logout revoga sessão conforme contrato, sem afetar dados reais","AUTH: login válido, logout, rota protegida passou nos três projetos; APIs/gateway mock",PASSOU,/home/guest/Projetos/Kalend/homologacao/evidencias/QA-E2E-2026-10-09T20-21-50-688Z/web-playwright.json,Não certifica DEV ou integração externa. Cenário combinado tem evidência local indicada.
AUTENTICACAO-04,autenticacao,Sessão expirada e refresh inválido,TESTE E2E LOCAL,LOCAL,Build fixture + Chrome + banco descartável conforme cenário,Executar roteiro em cenarios/autenticacao.md,"Sessão expirada e refresh inválido conforme contrato, sem afetar dados reais",AUTH: sessão expirada passou nos três projetos; APIs/gateway mock,PASSOU,/home/guest/Projetos/Kalend/homologacao/evidencias/QA-E2E-2026-10-09T20-21-50-688Z/web-playwright.json,Não certifica DEV ou integração externa. Cenário combinado tem evidência local indicada.
AUTENTICACAO-05,autenticacao,Rota protegida anônima,TESTE E2E LOCAL,LOCAL,Build fixture + Chrome + banco descartável conforme cenário,Executar roteiro em cenarios/autenticacao.md,"Rota protegida anônima conforme contrato, sem afetar dados reais","AUTH: login válido, logout, rota protegida passou nos três projetos; APIs/gateway mock",PASSOU,/home/guest/Projetos/Kalend/homologacao/evidencias/QA-E2E-2026-10-09T20-21-50-688Z/web-playwright.json,Não certifica DEV ou integração externa. Cenário combinado tem evidência local indicada.
AUTENTICACAO-06,autenticacao,Super Admin em GLOBAL,TESTE E2E LOCAL,LOCAL,Build fixture + Chrome + banco descartável conforme cenário,Executar roteiro em cenarios/autenticacao.md,"Super Admin em GLOBAL conforme contrato, sem afetar dados reais",GLOBAL: Super Admin não bloqueado pelo trial passou nos três projetos; APIs/gateway mock,PASSOU,/home/guest/Projetos/Kalend/homologacao/evidencias/QA-E2E-2026-10-09T20-21-50-688Z/web-playwright.json,Não certifica DEV ou integração externa. Cenário combinado tem evidência local indicada.
AUTENTICACAO-07,autenticacao,Usuário sem membership,TESTE E2E LOCAL,LOCAL,Build fixture + Chrome + banco descartável conforme cenário,Executar roteiro em cenarios/autenticacao.md,"Usuário sem membership conforme contrato, sem afetar dados reais",Não executado nesta camada; cobertura local não certifica DEV,NÃO TESTADO,,Promover apenas com evidência individual desta camada
AUTENTICACAO-08,autenticacao,Seleção de tenant autorizado,TESTE E2E LOCAL,LOCAL,Build fixture + Chrome + banco descartável conforme cenário,Executar roteiro em cenarios/autenticacao.md,"Seleção de tenant autorizado conforme contrato, sem afetar dados reais",Não executado nesta camada; cobertura local não certifica DEV,NÃO TESTADO,,Promover apenas com evidência individual desta camada
EMPRESA-01,empresa,Super Admin cria empresa QA,TESTE DEV REAL,DEV,Contas/dados QA e provider sandbox,Executar roteiro em cenarios/empresa.md,"Super Admin cria empresa QA conforme contrato, sem afetar dados reais",Não executado nesta camada; cobertura local não certifica DEV,NÃO TESTADO,,Promover apenas com evidência individual desta camada
EMPRESA-02,empresa,OWNER criado,TESTE DEV REAL,DEV,Contas/dados QA e provider sandbox,Executar roteiro em cenarios/empresa.md,"OWNER criado conforme contrato, sem afetar dados reais",Não executado nesta camada; cobertura local não certifica DEV,NÃO TESTADO,,Promover apenas com evidência individual desta camada
EMPRESA-03,empresa,Membership OWNER ativa,TESTE DEV REAL,DEV,Contas/dados QA e provider sandbox,Executar roteiro em cenarios/empresa.md,"Membership OWNER ativa conforme contrato, sem afetar dados reais",Não executado nesta camada; cobertura local não certifica DEV,NÃO TESTADO,,Promover apenas com evidência individual desta camada
EMPRESA-04,empresa,Trial/plano/datas persistidos,TESTE DEV REAL,DEV,Contas/dados QA e provider sandbox,Executar roteiro em cenarios/empresa.md,"Trial/plano/datas persistidos conforme contrato, sem afetar dados reais",Não executado nesta camada; cobertura local não certifica DEV,NÃO TESTADO,,Promover apenas com evidência individual desta camada
EMPRESA-05,empresa,Dashboard de empresa QA,TESTE DEV REAL,DEV,Contas/dados QA e provider sandbox,Executar roteiro em cenarios/empresa.md,"Dashboard de empresa QA conforme contrato, sem afetar dados reais",Não executado nesta camada; cobertura local não certifica DEV,NÃO TESTADO,,Promover apenas com evidência individual desta camada
EMPRESA-06,empresa,Isolamento empresa A/B,TESTE DEV REAL,DEV,Contas/dados QA e provider sandbox,Executar roteiro em cenarios/empresa.md,"Isolamento empresa A/B conforme contrato, sem afetar dados reais",Não executado nesta camada; cobertura local não certifica DEV,NÃO TESTADO,,Promover apenas com evidência individual desta camada
TRIAL-01,trial,TRIAL_STARTED capturado uma vez,TESTE INTEGRAÇÃO,LOCAL PGLITE,Build fixture + Chrome + banco descartável conforme cenário,Executar roteiro em cenarios/trial.md,"TRIAL_STARTED capturado uma vez conforme contrato, sem afetar dados reais",SQL/HTTP real descartável; gateway mock; 42 asserções,PASSOU,/home/guest/Projetos/Kalend/homologacao/evidencias/QA-E2E-2026-10-09T20-21-50-688Z/api-sql.log,Não comprova provider real ou multirréplica PostgreSQL.
TRIAL-02,trial,TRIAL_EXPIRING janela três dias,TESTE INTEGRAÇÃO,LOCAL PGLITE,Build fixture + Chrome + banco descartável conforme cenário,Executar roteiro em cenarios/trial.md,"TRIAL_EXPIRING janela três dias conforme contrato, sem afetar dados reais",SQL/HTTP real descartável; gateway mock; 42 asserções,PASSOU,/home/guest/Projetos/Kalend/homologacao/evidencias/QA-E2E-2026-10-09T20-21-50-688Z/api-sql.log,Não comprova provider real ou multirréplica PostgreSQL.
TRIAL-03,trial,TRIAL_EXPIRED capturado uma vez,TESTE INTEGRAÇÃO,LOCAL PGLITE,Build fixture + Chrome + banco descartável conforme cenário,Executar roteiro em cenarios/trial.md,"TRIAL_EXPIRED capturado uma vez conforme contrato, sem afetar dados reais",SQL/HTTP real descartável; gateway mock; 42 asserções,PASSOU,/home/guest/Projetos/Kalend/homologacao/evidencias/QA-E2E-2026-10-09T20-21-50-688Z/api-sql.log,Não comprova provider real ou multirréplica PostgreSQL.
TRIAL-04,trial,Acesso cinco minutos antes,TESTE INTEGRAÇÃO,LOCAL PGLITE,Build fixture + Chrome + banco descartável conforme cenário,Executar roteiro em cenarios/trial.md,"Acesso cinco minutos antes conforme contrato, sem afetar dados reais",SQL/HTTP real descartável; gateway mock; 42 asserções,PASSOU,/home/guest/Projetos/Kalend/homologacao/evidencias/QA-E2E-2026-10-09T20-21-50-688Z/api-sql.log,Não comprova provider real ou multirréplica PostgreSQL.
TRIAL-05,trial,Acesso um segundo antes,TESTE INTEGRAÇÃO,LOCAL PGLITE,Build fixture + Chrome + banco descartável conforme cenário,Executar roteiro em cenarios/trial.md,"Acesso um segundo antes conforme contrato, sem afetar dados reais",SQL/HTTP real descartável; gateway mock; 42 asserções,PASSOU,/home/guest/Projetos/Kalend/homologacao/evidencias/QA-E2E-2026-10-09T20-21-50-688Z/api-sql.log,Não comprova provider real ou multirréplica PostgreSQL.
TRIAL-06,trial,Bloqueio no deadline,TESTE INTEGRAÇÃO,LOCAL PGLITE,Build fixture + Chrome + banco descartável conforme cenário,Executar roteiro em cenarios/trial.md,"Bloqueio no deadline conforme contrato, sem afetar dados reais",SQL/HTTP real descartável; gateway mock; 42 asserções,PASSOU,/home/guest/Projetos/Kalend/homologacao/evidencias/QA-E2E-2026-10-09T20-21-50-688Z/api-sql.log,Não comprova provider real ou multirréplica PostgreSQL.
TRIAL-07,trial,Bloqueio um segundo depois sem scheduler,TESTE INTEGRAÇÃO,LOCAL PGLITE,Build fixture + Chrome + banco descartável conforme cenário,Executar roteiro em cenarios/trial.md,"Bloqueio um segundo depois sem scheduler conforme contrato, sem afetar dados reais",SQL/HTTP real descartável; gateway mock; 42 asserções,PASSOU,/home/guest/Projetos/Kalend/homologacao/evidencias/QA-E2E-2026-10-09T20-21-50-688Z/api-sql.log,Não comprova provider real ou multirréplica PostgreSQL.
TRIAL-08,trial,Bloqueio uma hora depois,TESTE INTEGRAÇÃO,LOCAL PGLITE,Build fixture + Chrome + banco descartável conforme cenário,Executar roteiro em cenarios/trial.md,"Bloqueio uma hora depois conforme contrato, sem afetar dados reais",SQL/HTTP real descartável; gateway mock; 42 asserções,PASSOU,/home/guest/Projetos/Kalend/homologacao/evidencias/QA-E2E-2026-10-09T20-21-50-688Z/api-sql.log,Não comprova provider real ou multirréplica PostgreSQL.
TRIAL-09,trial,Relógio browser incorreto,TESTE E2E LOCAL,LOCAL,Build fixture + Chrome + banco descartável conforme cenário,Executar roteiro em cenarios/trial.md,"Relógio browser incorreto conforme contrato, sem afetar dados reais",TRIAL-clock-browser: relógio local não autoriza estado passou nos três projetos; APIs/gateway mock,PASSOU,/home/guest/Projetos/Kalend/homologacao/evidencias/QA-E2E-2026-10-09T20-21-50-688Z/web-playwright.json,Não certifica DEV ou integração externa. Cenário combinado tem evidência local indicada.
TRIAL-10,trial,Restart da aplicação sem scheduler,TESTE INTEGRAÇÃO,LOCAL PGLITE EM DISCO,Build fixture + Chrome + banco descartável conforme cenário,Executar roteiro em cenarios/trial.md,"Restart da aplicação sem scheduler conforme contrato, sem afetar dados reais",Dois processos; trial persistido expirado sem scheduler; 10 asserções,PASSOU,/home/guest/Projetos/Kalend/homologacao/evidencias/QA-E2E-2026-10-09T20-21-50-688Z/api-restart.log,Não houve restart DEV.
TRIAL-11,trial,Pagamento restaura entitlement,TESTE INTEGRAÇÃO,LOCAL PGLITE,Build fixture + Chrome + banco descartável conforme cenário,Executar roteiro em cenarios/trial.md,"Pagamento restaura entitlement conforme contrato, sem afetar dados reais",SQL/HTTP real descartável; gateway mock; 42 asserções,PASSOU,/home/guest/Projetos/Kalend/homologacao/evidencias/QA-E2E-2026-10-09T20-21-50-688Z/api-sql.log,Não comprova provider real ou multirréplica PostgreSQL.
POPUP-PLANO-01,popup-plano,Ausente antes de expirar,TESTE E2E LOCAL,LOCAL,Build fixture + Chrome + banco descartável conforme cenário,Executar roteiro em cenarios/popup-plano.md,"Ausente antes de expirar conforme contrato, sem afetar dados reais",TRIAL-clock--300000: decisão do backend no limite passou nos três projetos; APIs/gateway mock,PASSOU,/home/guest/Projetos/Kalend/homologacao/evidencias/QA-E2E-2026-10-09T20-21-50-688Z/web-playwright.json,Não certifica DEV ou integração externa. Cenário combinado tem evidência local indicada.
POPUP-PLANO-02,popup-plano,Presente ao expirar sem refresh,TESTE E2E LOCAL,LOCAL,Build fixture + Chrome + banco descartável conforme cenário,Executar roteiro em cenarios/popup-plano.md,"Presente ao expirar sem refresh conforme contrato, sem afetar dados reais","TRIAL-auto: vence sem refresh, pagamento restaura passou nos três projetos; APIs/gateway mock",PASSOU,/home/guest/Projetos/Kalend/homologacao/evidencias/QA-E2E-2026-10-09T20-21-50-688Z/web-playwright.json,Não certifica DEV ou integração externa. Cenário combinado tem evidência local indicada.
POPUP-PLANO-03,popup-plano,Não pode dispensar por Escape,TESTE E2E LOCAL,LOCAL,Build fixture + Chrome + banco descartável conforme cenário,Executar roteiro em cenarios/popup-plano.md,"Não pode dispensar por Escape conforme contrato, sem afetar dados reais","TRIAL-auto: vence sem refresh, pagamento restaura passou nos três projetos; APIs/gateway mock",PASSOU,/home/guest/Projetos/Kalend/homologacao/evidencias/QA-E2E-2026-10-09T20-21-50-688Z/web-playwright.json,Não certifica DEV ou integração externa. Cenário combinado tem evidência local indicada.
POPUP-PLANO-04,popup-plano,Persiste em rota direta,TESTE E2E LOCAL,LOCAL,Build fixture + Chrome + banco descartável conforme cenário,Executar roteiro em cenarios/popup-plano.md,"Persiste em rota direta conforme contrato, sem afetar dados reais","TRIAL-routes: rota direta, reload, nova aba e navegação passou nos três projetos; APIs/gateway mock",PASSOU,/home/guest/Projetos/Kalend/homologacao/evidencias/QA-E2E-2026-10-09T20-21-50-688Z/web-playwright.json,Não certifica DEV ou integração externa. Cenário combinado tem evidência local indicada.
POPUP-PLANO-05,popup-plano,Persiste após reload,TESTE E2E LOCAL,LOCAL,Build fixture + Chrome + banco descartável conforme cenário,Executar roteiro em cenarios/popup-plano.md,"Persiste após reload conforme contrato, sem afetar dados reais","TRIAL-routes: rota direta, reload, nova aba e navegação passou nos três projetos; APIs/gateway mock",PASSOU,/home/guest/Projetos/Kalend/homologacao/evidencias/QA-E2E-2026-10-09T20-21-50-688Z/web-playwright.json,Não certifica DEV ou integração externa. Cenário combinado tem evidência local indicada.
POPUP-PLANO-06,popup-plano,Persiste em nova aba,TESTE E2E LOCAL,LOCAL,Build fixture + Chrome + banco descartável conforme cenário,Executar roteiro em cenarios/popup-plano.md,"Persiste em nova aba conforme contrato, sem afetar dados reais","TRIAL-routes: rota direta, reload, nova aba e navegação passou nos três projetos; APIs/gateway mock",PASSOU,/home/guest/Projetos/Kalend/homologacao/evidencias/QA-E2E-2026-10-09T20-21-50-688Z/web-playwright.json,Não certifica DEV ou integração externa. Cenário combinado tem evidência local indicada.
POPUP-PLANO-07,popup-plano,Persiste após navegação,TESTE E2E LOCAL,LOCAL,Build fixture + Chrome + banco descartável conforme cenário,Executar roteiro em cenarios/popup-plano.md,"Persiste após navegação conforme contrato, sem afetar dados reais","TRIAL-routes: rota direta, reload, nova aba e navegação passou nos três projetos; APIs/gateway mock",PASSOU,/home/guest/Projetos/Kalend/homologacao/evidencias/QA-E2E-2026-10-09T20-21-50-688Z/web-playwright.json,Não certifica DEV ou integração externa. Cenário combinado tem evidência local indicada.
POPUP-PLANO-08,popup-plano,Pagamento pendente mantém modal,TESTE E2E LOCAL,LOCAL,Build fixture + Chrome + banco descartável conforme cenário,Executar roteiro em cenarios/popup-plano.md,"Pagamento pendente mantém modal conforme contrato, sem afetar dados reais","CHECKOUT: plano, periodicidade, gateway e pendência passou nos três projetos; APIs/gateway mock",PASSOU,/home/guest/Projetos/Kalend/homologacao/evidencias/QA-E2E-2026-10-09T20-21-50-688Z/web-playwright.json,Não certifica DEV ou integração externa. Cenário combinado tem evidência local indicada.
POPUP-PLANO-09,popup-plano,Pagamento aprovado fecha modal,TESTE E2E LOCAL,LOCAL,Build fixture + Chrome + banco descartável conforme cenário,Executar roteiro em cenarios/popup-plano.md,"Pagamento aprovado fecha modal conforme contrato, sem afetar dados reais","TRIAL-auto: vence sem refresh, pagamento restaura passou nos três projetos; APIs/gateway mock",PASSOU,/home/guest/Projetos/Kalend/homologacao/evidencias/QA-E2E-2026-10-09T20-21-50-688Z/web-playwright.json,Não certifica DEV ou integração externa. Cenário combinado tem evidência local indicada.
POPUP-PLANO-10,popup-plano,Minha conta/logout acessíveis,TESTE E2E LOCAL,LOCAL,Build fixture + Chrome + banco descartável conforme cenário,Executar roteiro em cenarios/popup-plano.md,"Minha conta/logout acessíveis conforme contrato, sem afetar dados reais",Não executado nesta camada; cobertura local não certifica DEV,NÃO TESTADO,,Promover apenas com evidência individual desta camada
CHECKOUT-01,checkout,Selecionar plano e preço,TESTE E2E LOCAL,LOCAL,Build fixture + Chrome + banco descartável conforme cenário,Executar roteiro em cenarios/checkout.md,"Selecionar plano e preço conforme contrato, sem afetar dados reais","CHECKOUT-annual: preço, plano, referência e chave de intento passou nos três projetos; APIs/gateway mock",PASSOU,/home/guest/Projetos/Kalend/homologacao/evidencias/QA-E2E-2026-10-09T20-21-50-688Z/web-checkout-annual.json,Não certifica DEV ou integração externa. Cenário combinado tem evidência local indicada.
CHECKOUT-02,checkout,Mensal/anual preservados,TESTE E2E LOCAL,LOCAL,Build fixture + Chrome + banco descartável conforme cenário,Executar roteiro em cenarios/checkout.md,"Mensal/anual preservados conforme contrato, sem afetar dados reais","CHECKOUT-annual: preço, plano, referência e chave de intento passou nos três projetos; APIs/gateway mock",PASSOU,/home/guest/Projetos/Kalend/homologacao/evidencias/QA-E2E-2026-10-09T20-21-50-688Z/web-checkout-annual.json,Não certifica DEV ou integração externa. Cenário combinado tem evidência local indicada.
CHECKOUT-03,checkout,Gateway sandbox selecionado,TESTE E2E LOCAL,LOCAL,Build fixture + Chrome + banco descartável conforme cenário,Executar roteiro em cenarios/checkout.md,"Gateway sandbox selecionado conforme contrato, sem afetar dados reais","CHECKOUT-annual: preço, plano, referência e chave de intento passou nos três projetos; APIs/gateway mock",PASSOU,/home/guest/Projetos/Kalend/homologacao/evidencias/QA-E2E-2026-10-09T20-21-50-688Z/web-checkout-annual.json,Não certifica DEV ou integração externa. Cenário combinado tem evidência local indicada.
CHECKOUT-04,checkout,Referência/idempotencyKey,TESTE E2E LOCAL,LOCAL,Build fixture + Chrome + banco descartável conforme cenário,Executar roteiro em cenarios/checkout.md,"Referência/idempotencyKey conforme contrato, sem afetar dados reais","CHECKOUT-annual: preço, plano, referência e chave de intento passou nos três projetos; APIs/gateway mock",PASSOU,/home/guest/Projetos/Kalend/homologacao/evidencias/QA-E2E-2026-10-09T20-21-50-688Z/web-checkout-annual.json,Não certifica DEV ou integração externa. Cenário combinado tem evidência local indicada.
CHECKOUT-05,checkout,OWNER expirado pode pagar,TESTE INTEGRAÇÃO,LOCAL PGLITE,Build fixture + Chrome + banco descartável conforme cenário,Executar roteiro em cenarios/checkout.md,"OWNER expirado pode pagar conforme contrato, sem afetar dados reais",SQL/HTTP real descartável; gateway mock; 42 asserções,PASSOU,/home/guest/Projetos/Kalend/homologacao/evidencias/QA-E2E-2026-10-09T20-21-50-688Z/api-sql.log,Não comprova provider real ou multirréplica PostgreSQL.
CHECKOUT-06,checkout,Outro tenant não lê payment,TESTE E2E LOCAL,LOCAL,Build fixture + Chrome + banco descartável conforme cenário,Executar roteiro em cenarios/checkout.md,"Outro tenant não lê payment conforme contrato, sem afetar dados reais",Não executado nesta camada; cobertura local não certifica DEV,NÃO TESTADO,,Promover apenas com evidência individual desta camada
PAGAMENTO-01,pagamento,Sandbox PENDING,TESTE DEV REAL,DEV,Contas/dados QA e provider sandbox,Executar roteiro em cenarios/pagamento.md,"Sandbox PENDING conforme contrato, sem afetar dados reais",Não executado nesta camada; cobertura local não certifica DEV,NÃO TESTADO,,Promover apenas com evidência individual desta camada
PAGAMENTO-02,pagamento,Sandbox APPROVED,TESTE DEV REAL,DEV,Contas/dados QA e provider sandbox,Executar roteiro em cenarios/pagamento.md,"Sandbox APPROVED conforme contrato, sem afetar dados reais",Não executado nesta camada; cobertura local não certifica DEV,NÃO TESTADO,,Promover apenas com evidência individual desta camada
PAGAMENTO-03,pagamento,Sandbox FAILED,TESTE DEV REAL,DEV,Contas/dados QA e provider sandbox,Executar roteiro em cenarios/pagamento.md,"Sandbox FAILED conforme contrato, sem afetar dados reais",Não executado nesta camada; cobertura local não certifica DEV,NÃO TESTADO,,Promover apenas com evidência individual desta camada
PAGAMENTO-04,pagamento,Sandbox OVERDUE,TESTE DEV REAL,DEV,Contas/dados QA e provider sandbox,Executar roteiro em cenarios/pagamento.md,"Sandbox OVERDUE conforme contrato, sem afetar dados reais",Não executado nesta camada; cobertura local não certifica DEV,NÃO TESTADO,,Promover apenas com evidência individual desta camada
PAGAMENTO-05,pagamento,Webhook assinado duplicado,TESTE DEV REAL,DEV,Contas/dados QA e provider sandbox,Executar roteiro em cenarios/pagamento.md,"Webhook assinado duplicado conforme contrato, sem afetar dados reais",Não executado nesta camada; cobertura local não certifica DEV,NÃO TESTADO,,Promover apenas com evidência individual desta camada
PAGAMENTO-06,pagamento,Webhook fora de ordem,TESTE DEV REAL,DEV,Contas/dados QA e provider sandbox,Executar roteiro em cenarios/pagamento.md,"Webhook fora de ordem conforme contrato, sem afetar dados reais",Não executado nesta camada; cobertura local não certifica DEV,NÃO TESTADO,,Promover apenas com evidência individual desta camada
PAGAMENTO-07,pagamento,Retry do webhook,TESTE DEV REAL,DEV,Contas/dados QA e provider sandbox,Executar roteiro em cenarios/pagamento.md,"Retry do webhook conforme contrato, sem afetar dados reais",Não executado nesta camada; cobertura local não certifica DEV,NÃO TESTADO,,Promover apenas com evidência individual desta camada
PAGAMENTO-08,pagamento,Idempotência concorrente PostgreSQL,TESTE DEV REAL,DEV,Contas/dados QA e provider sandbox,Executar roteiro em cenarios/pagamento.md,"Idempotência concorrente PostgreSQL conforme contrato, sem afetar dados reais",Não executado nesta camada; cobertura local não certifica DEV,NÃO TESTADO,,Promover apenas com evidência individual desta camada
WHATSAPP-01,whatsapp,QR instância QA,TESTE DEV REAL,DEV,Contas/dados QA e provider sandbox,Executar roteiro em cenarios/whatsapp.md,"QR instância QA conforme contrato, sem afetar dados reais",Não executado nesta camada; cobertura local não certifica DEV,NÃO TESTADO,,Promover apenas com evidência individual desta camada
WHATSAPP-02,whatsapp,Pairing QA,TESTE DEV REAL,DEV,Contas/dados QA e provider sandbox,Executar roteiro em cenarios/whatsapp.md,"Pairing QA conforme contrato, sem afetar dados reais",Não executado nesta camada; cobertura local não certifica DEV,NÃO TESTADO,,Promover apenas com evidência individual desta camada
WHATSAPP-03,whatsapp,Connect e estado open,TESTE DEV REAL,DEV,Contas/dados QA e provider sandbox,Executar roteiro em cenarios/whatsapp.md,"Connect e estado open conforme contrato, sem afetar dados reais",Não executado nesta camada; cobertura local não certifica DEV,NÃO TESTADO,,Promover apenas com evidência individual desta camada
WHATSAPP-04,whatsapp,sendText recebimento real,TESTE DEV REAL,DEV,Contas/dados QA e provider sandbox,Executar roteiro em cenarios/whatsapp.md,"sendText recebimento real conforme contrato, sem afetar dados reais",Não executado nesta camada; cobertura local não certifica DEV,NÃO TESTADO,,Promover apenas com evidência individual desta camada
WHATSAPP-05,whatsapp,Envio teste,TESTE DEV REAL,DEV,Contas/dados QA e provider sandbox,Executar roteiro em cenarios/whatsapp.md,"Envio teste conforme contrato, sem afetar dados reais",Não executado nesta camada; cobertura local não certifica DEV,NÃO TESTADO,,Promover apenas com evidência individual desta camada
WHATSAPP-06,whatsapp,Evento recebido,TESTE DEV REAL,DEV,Contas/dados QA e provider sandbox,Executar roteiro em cenarios/whatsapp.md,"Evento recebido conforme contrato, sem afetar dados reais",Não executado nesta camada; cobertura local não certifica DEV,NÃO TESTADO,,Promover apenas com evidência individual desta camada
WHATSAPP-07,whatsapp,Falha real de provider,TESTE DEV REAL,DEV,Contas/dados QA e provider sandbox,Executar roteiro em cenarios/whatsapp.md,"Falha real de provider conforme contrato, sem afetar dados reais",Não executado nesta camada; cobertura local não certifica DEV,NÃO TESTADO,,Promover apenas com evidência individual desta camada
WHATSAPP-08,whatsapp,Logout QA,TESTE DEV REAL,DEV,Contas/dados QA e provider sandbox,Executar roteiro em cenarios/whatsapp.md,"Logout QA conforme contrato, sem afetar dados reais",Não executado nesta camada; cobertura local não certifica DEV,NÃO TESTADO,,Promover apenas com evidência individual desta camada
WHATSAPP-09,whatsapp,Reconnect QA,TESTE DEV REAL,DEV,Contas/dados QA e provider sandbox,Executar roteiro em cenarios/whatsapp.md,"Reconnect QA conforme contrato, sem afetar dados reais",Não executado nesta camada; cobertura local não certifica DEV,NÃO TESTADO,,Promover apenas com evidência individual desta camada
WHATSAPP-10,whatsapp,COMPANY não interfere GLOBAL,TESTE DEV REAL,DEV,Contas/dados QA e provider sandbox,Executar roteiro em cenarios/whatsapp.md,"COMPANY não interfere GLOBAL conforme contrato, sem afetar dados reais",Não executado nesta camada; cobertura local não certifica DEV,NÃO TESTADO,,Promover apenas com evidência individual desta camada
EMAIL-01,email,SMTP sandbox configurado,TESTE DEV REAL,DEV,Contas/dados QA e provider sandbox,Executar roteiro em cenarios/email.md,"SMTP sandbox configurado conforme contrato, sem afetar dados reais",Não executado nesta camada; cobertura local não certifica DEV,NÃO TESTADO,,Promover apenas com evidência individual desta camada
EMAIL-02,email,Mensagem recebida Mailpit/SMTP QA,TESTE DEV REAL,DEV,Contas/dados QA e provider sandbox,Executar roteiro em cenarios/email.md,"Mensagem recebida Mailpit/SMTP QA conforme contrato, sem afetar dados reais",Não executado nesta camada; cobertura local não certifica DEV,NÃO TESTADO,,Promover apenas com evidência individual desta camada
EMAIL-03,email,Assunto/placeholders/encoding,TESTE DEV REAL,DEV,Contas/dados QA e provider sandbox,Executar roteiro em cenarios/email.md,"Assunto/placeholders/encoding conforme contrato, sem afetar dados reais",Não executado nesta camada; cobertura local não certifica DEV,NÃO TESTADO,,Promover apenas com evidência individual desta camada
EMAIL-04,email,HTML/From/Reply-To,TESTE DEV REAL,DEV,Contas/dados QA e provider sandbox,Executar roteiro em cenarios/email.md,"HTML/From/Reply-To conforme contrato, sem afetar dados reais",Não executado nesta camada; cobertura local não certifica DEV,NÃO TESTADO,,Promover apenas com evidência individual desta camada
EMAIL-05,email,Provider SMTP OU Gmail,TESTE DEV REAL,DEV,Contas/dados QA e provider sandbox,Executar roteiro em cenarios/email.md,"Provider SMTP OU Gmail conforme contrato, sem afetar dados reais",Não executado nesta camada; cobertura local não certifica DEV,NÃO TESTADO,,Promover apenas com evidência individual desta camada
EMAIL-06,email,Sem provider não declara entrega,TESTE DEV REAL,DEV,Contas/dados QA e provider sandbox,Executar roteiro em cenarios/email.md,"Sem provider não declara entrega conforme contrato, sem afetar dados reais",Não executado nesta camada; cobertura local não certifica DEV,NÃO TESTADO,,Promover apenas com evidência individual desta camada
EMAIL-07,email,Erro temporário retry,TESTE DEV REAL,DEV,Contas/dados QA e provider sandbox,Executar roteiro em cenarios/email.md,"Erro temporário retry conforme contrato, sem afetar dados reais",Não executado nesta camada; cobertura local não certifica DEV,NÃO TESTADO,,Promover apenas com evidência individual desta camada
EMAIL-08,email,Erro definitivo failed,TESTE DEV REAL,DEV,Contas/dados QA e provider sandbox,Executar roteiro em cenarios/email.md,"Erro definitivo failed conforme contrato, sem afetar dados reais",Não executado nesta camada; cobertura local não certifica DEV,NÃO TESTADO,,Promover apenas com evidência individual desta camada
PUSH-01,push,Permission default,TESTE E2E LOCAL,LOCAL CONTROLADO,Contas/dados QA e provider sandbox,"Executar push-flow.local.spec.ts, push-diagnosis.local.spec.ts e push.local.spec.ts","Permission default conforme contrato, sem afetar dados reais",PUSH-A: default exibe convite único; dispensa respeitada no contexto atual,PASSOU,/home/guest/Projetos/Kalend/correcao-bloco2-2026-10-09/evidencias/playwright-local-final.json,"Desktop/tablet/mobile Chromium; permissão e SW nativos. Subscription/API/device fixtures, sem recebimento externo."
PUSH-02,push,Permission granted popup ausente,TESTE E2E LOCAL,LOCAL CONTROLADO,Contas/dados QA e provider sandbox,"Executar push-flow.local.spec.ts, push-diagnosis.local.spec.ts e push.local.spec.ts","Permission granted popup ausente conforme contrato, sem afetar dados reais",granted + subscription válida/ausente + backend ausente/stale: popup ausente; regressão sem observer passou,PASSOU,/home/guest/Projetos/Kalend/correcao-bloco2-2026-10-09/evidencias/playwright-local-final.json,"Desktop/tablet/mobile Chromium; permissão e SW nativos. Subscription/API/device fixtures, sem recebimento externo."
PUSH-03,push,Permission denied sem insistência,TESTE E2E LOCAL,LOCAL CONTROLADO,Contas/dados QA e provider sandbox,"Executar push-flow.local.spec.ts, push-diagnosis.local.spec.ts e push.local.spec.ts","Permission denied sem insistência conforme contrato, sem afetar dados reais",denied sem popup; negar durante ativação fecha modal e não registra device,PASSOU,/home/guest/Projetos/Kalend/correcao-bloco2-2026-10-09/evidencias/playwright-local-final.json,"Desktop/tablet/mobile Chromium; permissão e SW nativos. Subscription/API/device fixtures, sem recebimento externo."
PUSH-04,push,BUG-01 DEV sessão real afetada,TESTE DEV REAL,DEV,Contas/dados QA e provider sandbox,Executar roteiro em cenarios/push.md,"BUG-01 DEV sessão real afetada conforme contrato, sem afetar dados reais",BUG-01 DEV continua aberto. Falha sem observer reproduzida e corrigida LOCALMENTE; perfil DEV afetado não disponível,FALHOU,/home/guest/Projetos/Kalend/correcao-bloco2-2026-10-09/evidencias/reproducao-antes.json,6 execuções DEV skipped por falta de QA; nenhuma publicação. Não encerrar por mock/local.
PUSH-05,push,Service worker instalado,TESTE E2E LOCAL,LOCAL CONTROLADO,Contas/dados QA e provider sandbox,"Executar push-flow.local.spec.ts, push-diagnosis.local.spec.ts e push.local.spec.ts","Service worker instalado conforme contrato, sem afetar dados reais","ServiceWorkerRegistration/ready nativos Chrome, escopo /, script /sw.js; PushManager disponível",PASSOU,/home/guest/Projetos/Kalend/correcao-bloco2-2026-10-09/evidencias/playwright-local-final.json,"Desktop/tablet/mobile Chromium; permissão e SW nativos. Subscription/API/device fixtures, sem recebimento externo."
PUSH-06,push,Subscription e backend device,TESTE E2E LOCAL,LOCAL CONTROLADO,Contas/dados QA e provider sandbox,"Executar push-flow.local.spec.ts, push-diagnosis.local.spec.ts e push.local.spec.ts","Subscription e backend device conforme contrato, sem afetar dados reais",Reconexão explícita da subscription/backend ausente; POST fixture uma vez e registro correspondente preservado no reload,PASSOU,/home/guest/Projetos/Kalend/correcao-bloco2-2026-10-09/evidencias/playwright-local-final.json,"Desktop/tablet/mobile Chromium; permissão e SW nativos. Subscription/API/device fixtures, sem recebimento externo."
PUSH-07,push,Push recebido real,TESTE DEV REAL,DEV,Contas/dados QA e provider sandbox,Executar roteiro em cenarios/push.md,"Push recebido real conforme contrato, sem afetar dados reais",Não executado nesta camada; cobertura local não certifica DEV,NÃO TESTADO,,Promover apenas com evidência individual desta camada
PUSH-08,push,Reload/rotas/múltiplas abas,TESTE E2E LOCAL,LOCAL CONTROLADO,Contas/dados QA e provider sandbox,"Executar push-flow.local.spec.ts, push-diagnosis.local.spec.ts e push.local.spec.ts","Reload/rotas/múltiplas abas conforme contrato, sem afetar dados reais","granted após reload, rota direta, SPA, nova aba e flags de storage contraditórias: popup ausente",PASSOU,/home/guest/Projetos/Kalend/correcao-bloco2-2026-10-09/evidencias/playwright-local-final.json,"Desktop/tablet/mobile Chromium; permissão e SW nativos. Subscription/API/device fixtures, sem recebimento externo."
PUSH-09,push,Logout/login e dispositivo antigo,TESTE E2E LOCAL,LOCAL CONTROLADO,Contas/dados QA e provider sandbox,"Executar push-flow.local.spec.ts, push-diagnosis.local.spec.ts e push.local.spec.ts","Logout/login e dispositivo antigo conforme contrato, sem afetar dados reais",Logout/login conserva granted sem convite; backend antigo e outro dispositivo preservados,PASSOU,/home/guest/Projetos/Kalend/correcao-bloco2-2026-10-09/evidencias/playwright-local-final.json,"Desktop/tablet/mobile Chromium; permissão e SW nativos. Subscription/API/device fixtures, sem recebimento externo."
PUSH-10,push,Browser sem suporte,TESTE E2E LOCAL,LOCAL CONTROLADO,Contas/dados QA e provider sandbox,"Executar push-flow.local.spec.ts, push-diagnosis.local.spec.ts e push.local.spec.ts","Browser sem suporte conforme contrato, sem afetar dados reais",PushManager ausente: sem convite; orientação de indisponibilidade em Configurações,PASSOU,/home/guest/Projetos/Kalend/correcao-bloco2-2026-10-09/evidencias/playwright-local-final.json,"Desktop/tablet/mobile Chromium; permissão e SW nativos. Subscription/API/device fixtures, sem recebimento externo."
COMUNICACAO-01,comunicacao,Outbox pending→processing→sent,TESTE DEV REAL,DEV,Contas/dados QA e provider sandbox,Executar roteiro em cenarios/comunicacao.md,"Outbox pending→processing→sent conforme contrato, sem afetar dados reais",Não executado nesta camada; cobertura local não certifica DEV,NÃO TESTADO,,Promover apenas com evidência individual desta camada
COMUNICACAO-02,comunicacao,Sem provider nunca entregue,TESTE DEV REAL,DEV,Contas/dados QA e provider sandbox,Executar roteiro em cenarios/comunicacao.md,"Sem provider nunca entregue conforme contrato, sem afetar dados reais",Não executado nesta camada; cobertura local não certifica DEV,NÃO TESTADO,,Promover apenas com evidência individual desta camada
COMUNICACAO-03,comunicacao,Retry temporário,TESTE DEV REAL,DEV,Contas/dados QA e provider sandbox,Executar roteiro em cenarios/comunicacao.md,"Retry temporário conforme contrato, sem afetar dados reais",Não executado nesta camada; cobertura local não certifica DEV,NÃO TESTADO,,Promover apenas com evidência individual desta camada
COMUNICACAO-04,comunicacao,Falha definitiva,TESTE DEV REAL,DEV,Contas/dados QA e provider sandbox,Executar roteiro em cenarios/comunicacao.md,"Falha definitiva conforme contrato, sem afetar dados reais",Não executado nesta camada; cobertura local não certifica DEV,NÃO TESTADO,,Promover apenas com evidência individual desta camada
COMUNICACAO-05,comunicacao,Entrega aparece UI,TESTE DEV REAL,DEV,Contas/dados QA e provider sandbox,Executar roteiro em cenarios/comunicacao.md,"Entrega aparece UI conforme contrato, sem afetar dados reais",Não executado nesta camada; cobertura local não certifica DEV,NÃO TESTADO,,Promover apenas com evidência individual desta camada
COMUNICACAO-06,comunicacao,Falha aparece UI,TESTE DEV REAL,DEV,Contas/dados QA e provider sandbox,Executar roteiro em cenarios/comunicacao.md,"Falha aparece UI conforme contrato, sem afetar dados reais",Não executado nesta camada; cobertura local não certifica DEV,NÃO TESTADO,,Promover apenas com evidência individual desta camada
COMUNICACAO-07,comunicacao,Log corresponde businessKey,TESTE DEV REAL,DEV,Contas/dados QA e provider sandbox,Executar roteiro em cenarios/comunicacao.md,"Log corresponde businessKey conforme contrato, sem afetar dados reais",Não executado nesta camada; cobertura local não certifica DEV,NÃO TESTADO,,Promover apenas com evidência individual desta camada
COMUNICACAO-08,comunicacao,Payload sensível ausente em logs,TESTE DEV REAL,DEV,Contas/dados QA e provider sandbox,Executar roteiro em cenarios/comunicacao.md,"Payload sensível ausente em logs conforme contrato, sem afetar dados reais",Não executado nesta camada; cobertura local não certifica DEV,NÃO TESTADO,,Promover apenas com evidência individual desta camada
COMUNICACAO-09,comunicacao,Template label português,TESTE DEV REAL,DEV,Contas/dados QA e provider sandbox,Executar roteiro em cenarios/comunicacao.md,"Template label português conforme contrato, sem afetar dados reais",Não executado nesta camada; cobertura local não certifica DEV,NÃO TESTADO,,Promover apenas com evidência individual desta camada
COMUNICACAO-10,comunicacao,Placeholders obrigatórios e fallback,TESTE DEV REAL,DEV,Contas/dados QA e provider sandbox,Executar roteiro em cenarios/comunicacao.md,"Placeholders obrigatórios e fallback conforme contrato, sem afetar dados reais",Não executado nesta camada; cobertura local não certifica DEV,NÃO TESTADO,,Promover apenas com evidência individual desta camada
COMUNICACAO-11,comunicacao,HTML/texto/canal correto,TESTE DEV REAL,DEV,Contas/dados QA e provider sandbox,Executar roteiro em cenarios/comunicacao.md,"HTML/texto/canal correto conforme contrato, sem afetar dados reais",Não executado nesta camada; cobertura local não certifica DEV,NÃO TESTADO,,Promover apenas com evidência individual desta camada
SCHEDULERS-01,schedulers,Scheduler frequência configurada,TESTE DEV REAL,DEV,Contas/dados QA e provider sandbox,Executar roteiro em cenarios/schedulers.md,"Scheduler frequência configurada conforme contrato, sem afetar dados reais",Não executado nesta camada; cobertura local não certifica DEV,NÃO TESTADO,,Promover apenas com evidência individual desta camada
SCHEDULERS-02,schedulers,Worker frequência configurada,TESTE DEV REAL,DEV,Contas/dados QA e provider sandbox,Executar roteiro em cenarios/schedulers.md,"Worker frequência configurada conforme contrato, sem afetar dados reais",Não executado nesta camada; cobertura local não certifica DEV,NÃO TESTADO,,Promover apenas com evidência individual desta camada
SCHEDULERS-03,schedulers,Lock/concorrência multirréplica,TESTE DEV REAL,DEV,Contas/dados QA e provider sandbox,Executar roteiro em cenarios/schedulers.md,"Lock/concorrência multirréplica conforme contrato, sem afetar dados reais",Não executado nesta camada; cobertura local não certifica DEV,NÃO TESTADO,,Promover apenas com evidência individual desta camada
SCHEDULERS-04,schedulers,Idempotência persistida,TESTE DEV REAL,DEV,Contas/dados QA e provider sandbox,Executar roteiro em cenarios/schedulers.md,"Idempotência persistida conforme contrato, sem afetar dados reais",Não executado nesta camada; cobertura local não certifica DEV,NÃO TESTADO,,Promover apenas com evidência individual desta camada
SCHEDULERS-05,schedulers,Restart mantém outbox,TESTE DEV REAL,DEV,Contas/dados QA e provider sandbox,Executar roteiro em cenarios/schedulers.md,"Restart mantém outbox conforme contrato, sem afetar dados reais",Não executado nesta camada; cobertura local não certifica DEV,NÃO TESTADO,,Promover apenas com evidência individual desta camada
SCHEDULERS-06,schedulers,Restart mantém assinatura/trial,TESTE DEV REAL,DEV,Contas/dados QA e provider sandbox,Executar roteiro em cenarios/schedulers.md,"Restart mantém assinatura/trial conforme contrato, sem afetar dados reais",Não executado nesta camada; cobertura local não certifica DEV,NÃO TESTADO,,Promover apenas com evidência individual desta camada
SCHEDULERS-07,schedulers,Restart recupera retry,TESTE DEV REAL,DEV,Contas/dados QA e provider sandbox,Executar roteiro em cenarios/schedulers.md,"Restart recupera retry conforme contrato, sem afetar dados reais",Não executado nesta camada; cobertura local não certifica DEV,NÃO TESTADO,,Promover apenas com evidência individual desta camada
SCHEDULERS-08,schedulers,Janela trial perdida e recovery,TESTE DEV REAL,DEV,Contas/dados QA e provider sandbox,Executar roteiro em cenarios/schedulers.md,"Janela trial perdida e recovery conforme contrato, sem afetar dados reais",Não executado nesta camada; cobertura local não certifica DEV,NÃO TESTADO,,Promover apenas com evidência individual desta camada
SCHEDULERS-09,schedulers,Limpeza notifications/push,TESTE DEV REAL,DEV,Contas/dados QA e provider sandbox,Executar roteiro em cenarios/schedulers.md,"Limpeza notifications/push conforme contrato, sem afetar dados reais",Não executado nesta camada; cobertura local não certifica DEV,NÃO TESTADO,,Promover apenas com evidência individual desta camada
SCHEDULERS-10,schedulers,Evolution manutenção 30 segundos,TESTE DEV REAL,DEV,Contas/dados QA e provider sandbox,Executar roteiro em cenarios/schedulers.md,"Evolution manutenção 30 segundos conforme contrato, sem afetar dados reais",Não executado nesta camada; cobertura local não certifica DEV,NÃO TESTADO,,Promover apenas com evidência individual desta camada
SEGURANCA-01,seguranca,Tenant A não acessa B,TESTE DEV REAL,DEV,Contas/dados QA e provider sandbox,Executar roteiro em cenarios/seguranca.md,"Tenant A não acessa B conforme contrato, sem afetar dados reais",Não executado nesta camada; cobertura local não certifica DEV,NÃO TESTADO,,Promover apenas com evidência individual desta camada
SEGURANCA-02,seguranca,OWNER não acessa Super Admin,TESTE DEV REAL,DEV,Contas/dados QA e provider sandbox,Executar roteiro em cenarios/seguranca.md,"OWNER não acessa Super Admin conforme contrato, sem afetar dados reais",Não executado nesta camada; cobertura local não certifica DEV,NÃO TESTADO,,Promover apenas com evidência individual desta camada
SEGURANCA-03,seguranca,Sem membership bloqueado,TESTE DEV REAL,DEV,Contas/dados QA e provider sandbox,Executar roteiro em cenarios/seguranca.md,"Sem membership bloqueado conforme contrato, sem afetar dados reais",Não executado nesta camada; cobertura local não certifica DEV,NÃO TESTADO,,Promover apenas com evidência individual desta camada
SEGURANCA-04,seguranca,CompanyId manipulado,TESTE DEV REAL,DEV,Contas/dados QA e provider sandbox,Executar roteiro em cenarios/seguranca.md,"CompanyId manipulado conforme contrato, sem afetar dados reais",Não executado nesta camada; cobertura local não certifica DEV,NÃO TESTADO,,Promover apenas com evidência individual desta camada
SEGURANCA-05,seguranca,Allowlist trial expirado,TESTE DEV REAL,DEV,Contas/dados QA e provider sandbox,Executar roteiro em cenarios/seguranca.md,"Allowlist trial expirado conforme contrato, sem afetar dados reais",Não executado nesta camada; cobertura local não certifica DEV,NÃO TESTADO,,Promover apenas com evidência individual desta camada
SEGURANCA-06,seguranca,Tenant não acessa GLOBAL,TESTE DEV REAL,DEV,Contas/dados QA e provider sandbox,Executar roteiro em cenarios/seguranca.md,"Tenant não acessa GLOBAL conforme contrato, sem afetar dados reais",Não executado nesta camada; cobertura local não certifica DEV,NÃO TESTADO,,Promover apenas com evidência individual desta camada
SEGURANCA-07,seguranca,Sessões COMPANY separadas,TESTE DEV REAL,DEV,Contas/dados QA e provider sandbox,Executar roteiro em cenarios/seguranca.md,"Sessões COMPANY separadas conforme contrato, sem afetar dados reais",Não executado nesta camada; cobertura local não certifica DEV,NÃO TESTADO,,Promover apenas com evidência individual desta camada
SEGURANCA-08,seguranca,Mass assignment recusado,TESTE DEV REAL,DEV,Contas/dados QA e provider sandbox,Executar roteiro em cenarios/seguranca.md,"Mass assignment recusado conforme contrato, sem afetar dados reais",Não executado nesta camada; cobertura local não certifica DEV,NÃO TESTADO,,Promover apenas com evidência individual desta camada
SEGURANCA-09,seguranca,Origin/CSRF/cookies,TESTE DEV REAL,DEV,Contas/dados QA e provider sandbox,Executar roteiro em cenarios/seguranca.md,"Origin/CSRF/cookies conforme contrato, sem afetar dados reais",Não executado nesta camada; cobertura local não certifica DEV,NÃO TESTADO,,Promover apenas com evidência individual desta camada
SEGURANCA-10,seguranca,Rate login,TESTE DEV REAL,DEV,Contas/dados QA e provider sandbox,Executar roteiro em cenarios/seguranca.md,"Rate login conforme contrato, sem afetar dados reais",Não executado nesta camada; cobertura local não certifica DEV,NÃO TESTADO,,Promover apenas com evidência individual desta camada
SEGURANCA-11,seguranca,Rate connect,TESTE DEV REAL,DEV,Contas/dados QA e provider sandbox,Executar roteiro em cenarios/seguranca.md,"Rate connect conforme contrato, sem afetar dados reais",Não executado nesta camada; cobertura local não certifica DEV,NÃO TESTADO,,Promover apenas com evidência individual desta camada
SEGURANCA-12,seguranca,Rate pairing,TESTE DEV REAL,DEV,Contas/dados QA e provider sandbox,Executar roteiro em cenarios/seguranca.md,"Rate pairing conforme contrato, sem afetar dados reais",Não executado nesta camada; cobertura local não certifica DEV,NÃO TESTADO,,Promover apenas com evidência individual desta camada
SEGURANCA-13,seguranca,Rate test message,TESTE DEV REAL,DEV,Contas/dados QA e provider sandbox,Executar roteiro em cenarios/seguranca.md,"Rate test message conforme contrato, sem afetar dados reais",Não executado nesta camada; cobertura local não certifica DEV,NÃO TESTADO,,Promover apenas com evidência individual desta camada
SEGURANCA-14,seguranca,Rate checkout,TESTE DEV REAL,DEV,Contas/dados QA e provider sandbox,Executar roteiro em cenarios/seguranca.md,"Rate checkout conforme contrato, sem afetar dados reais",Não executado nesta camada; cobertura local não certifica DEV,NÃO TESTADO,,Promover apenas com evidência individual desta camada
SEGURANCA-15,seguranca,Rate webhook,TESTE DEV REAL,DEV,Contas/dados QA e provider sandbox,Executar roteiro em cenarios/seguranca.md,"Rate webhook conforme contrato, sem afetar dados reais",Não executado nesta camada; cobertura local não certifica DEV,NÃO TESTADO,,Promover apenas com evidência individual desta camada
SEGURANCA-16,seguranca,Frontend 429 sem loop,TESTE DEV REAL,DEV,Contas/dados QA e provider sandbox,Executar roteiro em cenarios/seguranca.md,"Frontend 429 sem loop conforme contrato, sem afetar dados reais",Não executado nesta camada; cobertura local não certifica DEV,NÃO TESTADO,,Promover apenas com evidência individual desta camada
MOBILE-01,mobile,Login desktop/tablet/mobile,TESTE E2E LOCAL,LOCAL,Build fixture + Chrome + banco descartável conforme cenário,Executar roteiro em cenarios/mobile.md,"Login desktop/tablet/mobile conforme contrato, sem afetar dados reais","AUTH: login válido, logout, rota protegida passou nos três projetos; APIs/gateway mock",PASSOU,/home/guest/Projetos/Kalend/homologacao/evidencias/QA-E2E-2026-10-09T20-21-50-688Z/web-playwright.json,Não certifica DEV ou integração externa. Cenário combinado tem evidência local indicada.
MOBILE-02,mobile,Modal plano desktop/tablet/mobile,TESTE E2E LOCAL,LOCAL,Build fixture + Chrome + banco descartável conforme cenário,Executar roteiro em cenarios/mobile.md,"Modal plano desktop/tablet/mobile conforme contrato, sem afetar dados reais",Não executado nesta camada; cobertura local não certifica DEV,NÃO TESTADO,,Promover apenas com evidência individual desta camada
MOBILE-03,mobile,Configurações desktop/tablet/mobile,TESTE E2E LOCAL,LOCAL,Build fixture + Chrome + banco descartável conforme cenário,Executar roteiro em cenarios/mobile.md,"Configurações desktop/tablet/mobile conforme contrato, sem afetar dados reais",MOBILE-layout: /conta/configuracoes passou nos três projetos; APIs/gateway mock,PASSOU,/home/guest/Projetos/Kalend/homologacao/evidencias/QA-E2E-2026-10-09T20-21-50-688Z/web-playwright.json,Não certifica DEV ou integração externa. Cenário combinado tem evidência local indicada.
MOBILE-04,mobile,Comunicação desktop/tablet/mobile,TESTE E2E LOCAL,LOCAL,Build fixture + Chrome + banco descartável conforme cenário,Executar roteiro em cenarios/mobile.md,"Comunicação desktop/tablet/mobile conforme contrato, sem afetar dados reais",Não executado nesta camada; cobertura local não certifica DEV,NÃO TESTADO,,Promover apenas com evidência individual desta camada
MOBILE-05,mobile,Checkout desktop/tablet/mobile,TESTE E2E LOCAL,LOCAL,Build fixture + Chrome + banco descartável conforme cenário,Executar roteiro em cenarios/mobile.md,"Checkout desktop/tablet/mobile conforme contrato, sem afetar dados reais","CHECKOUT-annual: preço, plano, referência e chave de intento passou nos três projetos; APIs/gateway mock",PASSOU,/home/guest/Projetos/Kalend/homologacao/evidencias/QA-E2E-2026-10-09T20-21-50-688Z/web-checkout-annual.json,Não certifica DEV ou integração externa. Cenário combinado tem evidência local indicada.
EVENTOS-01,eventos,OWNER_WELCOME gatilho→template→destinatário→canal→provider→outbox→status→idempotência,TESTE DEV REAL,DEV,Contas/dados QA e provider sandbox,Executar roteiro em cenarios/eventos.md,"OWNER_WELCOME gatilho→template→destinatário→canal→provider→outbox→status→idempotência conforme contrato, sem afetar dados reais",Não executado nesta camada; cobertura local não certifica DEV,NÃO TESTADO,,Promover apenas com evidência individual desta camada
EVENTOS-02,eventos,TRIAL_STARTED gatilho→template→destinatário→canal→provider→outbox→status→idempotência,TESTE DEV REAL,DEV,Contas/dados QA e provider sandbox,Executar roteiro em cenarios/eventos.md,"TRIAL_STARTED gatilho→template→destinatário→canal→provider→outbox→status→idempotência conforme contrato, sem afetar dados reais",Não executado nesta camada; cobertura local não certifica DEV,NÃO TESTADO,,Promover apenas com evidência individual desta camada
EVENTOS-03,eventos,TRIAL_EXPIRING gatilho→template→destinatário→canal→provider→outbox→status→idempotência,TESTE DEV REAL,DEV,Contas/dados QA e provider sandbox,Executar roteiro em cenarios/eventos.md,"TRIAL_EXPIRING gatilho→template→destinatário→canal→provider→outbox→status→idempotência conforme contrato, sem afetar dados reais",Não executado nesta camada; cobertura local não certifica DEV,NÃO TESTADO,,Promover apenas com evidência individual desta camada
EVENTOS-04,eventos,TRIAL_EXPIRED gatilho→template→destinatário→canal→provider→outbox→status→idempotência,TESTE DEV REAL,DEV,Contas/dados QA e provider sandbox,Executar roteiro em cenarios/eventos.md,"TRIAL_EXPIRED gatilho→template→destinatário→canal→provider→outbox→status→idempotência conforme contrato, sem afetar dados reais",Não executado nesta camada; cobertura local não certifica DEV,NÃO TESTADO,,Promover apenas com evidência individual desta camada
EVENTOS-05,eventos,PAYMENT_PENDING gatilho→template→destinatário→canal→provider→outbox→status→idempotência,TESTE DEV REAL,DEV,Contas/dados QA e provider sandbox,Executar roteiro em cenarios/eventos.md,"PAYMENT_PENDING gatilho→template→destinatário→canal→provider→outbox→status→idempotência conforme contrato, sem afetar dados reais",Não executado nesta camada; cobertura local não certifica DEV,NÃO TESTADO,,Promover apenas com evidência individual desta camada
EVENTOS-06,eventos,PAYMENT_APPROVED gatilho→template→destinatário→canal→provider→outbox→status→idempotência,TESTE DEV REAL,DEV,Contas/dados QA e provider sandbox,Executar roteiro em cenarios/eventos.md,"PAYMENT_APPROVED gatilho→template→destinatário→canal→provider→outbox→status→idempotência conforme contrato, sem afetar dados reais",Não executado nesta camada; cobertura local não certifica DEV,NÃO TESTADO,,Promover apenas com evidência individual desta camada
EVENTOS-07,eventos,PAYMENT_FAILED gatilho→template→destinatário→canal→provider→outbox→status→idempotência,TESTE DEV REAL,DEV,Contas/dados QA e provider sandbox,Executar roteiro em cenarios/eventos.md,"PAYMENT_FAILED gatilho→template→destinatário→canal→provider→outbox→status→idempotência conforme contrato, sem afetar dados reais",Não executado nesta camada; cobertura local não certifica DEV,NÃO TESTADO,,Promover apenas com evidência individual desta camada
EVENTOS-08,eventos,PAYMENT_OVERDUE gatilho→template→destinatário→canal→provider→outbox→status→idempotência,TESTE DEV REAL,DEV,Contas/dados QA e provider sandbox,Executar roteiro em cenarios/eventos.md,"PAYMENT_OVERDUE gatilho→template→destinatário→canal→provider→outbox→status→idempotência conforme contrato, sem afetar dados reais",Não executado nesta camada; cobertura local não certifica DEV,NÃO TESTADO,,Promover apenas com evidência individual desta camada
EVENTOS-09,eventos,SUBSCRIPTION_GRACE_PERIOD gatilho→template→destinatário→canal→provider→outbox→status→idempotência,TESTE DEV REAL,DEV,Contas/dados QA e provider sandbox,Executar roteiro em cenarios/eventos.md,"SUBSCRIPTION_GRACE_PERIOD gatilho→template→destinatário→canal→provider→outbox→status→idempotência conforme contrato, sem afetar dados reais",Não executado nesta camada; cobertura local não certifica DEV,NÃO TESTADO,,Promover apenas com evidência individual desta camada
EVENTOS-10,eventos,SUBSCRIPTION_SUSPENDED gatilho→template→destinatário→canal→provider→outbox→status→idempotência,TESTE DEV REAL,DEV,Contas/dados QA e provider sandbox,Executar roteiro em cenarios/eventos.md,"SUBSCRIPTION_SUSPENDED gatilho→template→destinatário→canal→provider→outbox→status→idempotência conforme contrato, sem afetar dados reais",Não executado nesta camada; cobertura local não certifica DEV,NÃO TESTADO,,Promover apenas com evidência individual desta camada
EVENTOS-11,eventos,SUBSCRIPTION_REACTIVATED gatilho→template→destinatário→canal→provider→outbox→status→idempotência,TESTE DEV REAL,DEV,Contas/dados QA e provider sandbox,Executar roteiro em cenarios/eventos.md,"SUBSCRIPTION_REACTIVATED gatilho→template→destinatário→canal→provider→outbox→status→idempotência conforme contrato, sem afetar dados reais",Não executado nesta camada; cobertura local não certifica DEV,NÃO TESTADO,,Promover apenas com evidência individual desta camada
EVENTOS-12,eventos,SUBSCRIPTION_CANCELLED gatilho→template→destinatário→canal→provider→outbox→status→idempotência,TESTE DEV REAL,DEV,Contas/dados QA e provider sandbox,Executar roteiro em cenarios/eventos.md,"SUBSCRIPTION_CANCELLED gatilho→template→destinatário→canal→provider→outbox→status→idempotência conforme contrato, sem afetar dados reais",Não executado nesta camada; cobertura local não certifica DEV,NÃO TESTADO,,Promover apenas com evidência individual desta camada
EVENTOS-13,eventos,SECURITY_PASSWORD_CHANGED gatilho→template→destinatário→canal→provider→outbox→status→idempotência,TESTE DEV REAL,DEV,Contas/dados QA e provider sandbox,Executar roteiro em cenarios/eventos.md,"SECURITY_PASSWORD_CHANGED gatilho→template→destinatário→canal→provider→outbox→status→idempotência conforme contrato, sem afetar dados reais",Não executado nesta camada; cobertura local não certifica DEV,NÃO TESTADO,,Promover apenas com evidência individual desta camada
